{"cameraMode":{"drawMode":0,"name":"Shaded","section":"Shading Mode"},"sceneLighting":true,"audioPlay":false,"sceneViewState":{"showFog":true,"showMaterialUpdate":false,"showSkybox":true,"showFlares":true,"showImageEffects":true,"showParticleSystems":true,"showVisualEffectGraphs":true,"m_FxEnabled":true},"in2DMode":false,"pivot":{"x":75.91763305664063,"y":3.0845847129821779,"z":59.57547378540039},"rotation":{"x":-0.04825001582503319,"y":-0.0413430780172348,"z":0.0019933858420699836,"w":-0.9979939460754395},"size":13.389331817626954,"orthographic":false}