{"cameraMode":{"drawMode":0,"name":"Shaded","section":"Shading Mode"},"sceneLighting":true,"audioPlay":false,"sceneViewState":{"showFog":true,"showMaterialUpdate":false,"showSkybox":true,"showFlares":true,"showImageEffects":true,"showParticleSystems":true,"showVisualEffectGraphs":true,"m_FxEnabled":true},"in2DMode":false,"pivot":{"x":601.8497314453125,"y":178.59100341796876,"z":-171.44937133789063},"rotation":{"x":-0.027273543179035188,"y":-0.048865050077438357,"z":0.0013347392668947578,"w":-0.9984336495399475},"size":231.34014892578126,"orthographic":false}